input,intent
kronos login access,What is the process for accessing and navigating kronos?
ADP Portal  First Time User Setup,How to setup user for the first time in ADP Portal?
Missing time punch in kronos,How can I edit my timecard?
Edit My Timecard,How can I edit my timecard?
Hey there. I need help in accessing Workday. For some reason my password is not working,How can I access workday app on mobile?
login to workday,How can I access workday app on mobile?
can i access kronos in my mobile?,How can I access Kronos in mobile?
i was also looking to understand how can i access kronos could you please help me there ?,What is the process for accessing and navigating kronos?
My ADP account was suspended can u help me with that ?,How to setup user for the first time in ADP Portal?
Linkedin login,How can I access my LinkedIn self service account?
kronos Mobile Access,How can I access Kronos in mobile?
And one more thing. I need some help related to Linkedin.,how can i access my linkedin self service account?
Timecard locked,What do I do if my kronos timecard is locked?
I am unable to check the linkedin account . please help me access,How can I access my LinkedIn self service account?
kronos login not working,What is the process for accessing and navigating kronos?
can you help me with access to kronos i might need to update something there,What is the process for accessing and navigating kronos?
Update Your Home Address,How do I update my home address in Workday?
ADP login,What do I do when there is trouble enrolling in ADP portal?
Unable to access kronos,What is the process for accessing and navigating kronos?
process to get access to Kronos,What is the process for accessing and navigating kronos?
ADP login access,What do I do when there is trouble enrolling in ADP portal?
ADP self service registration,How to setup user for the first time in ADP Portal?
Managing employee timecards,How can I manage employee timecards?
Kronos update,How can I edit my timecard?
time punch not complete,What do I do if my kronos timecard is locked?
change my team member's effective date to another manager,How can the current and receiving managers complete a promotion?
unable to access ADP,What do I do when there is trouble enrolling in ADP portal?
I filled in incorrect hours last time and I want to edit my timesheet and correct it now . Can you please help ?,How can I edit my timecard?
linkedin self service registration,How can I access my LinkedIn self service account?
ADP login not working,What do I do when there is trouble enrolling in ADP portal?
i want to give my workday access to other user while i'm in leave,How can I delegate tasks in workday?
"My Adp account login is not working , can you help me access adp?",Get Access
kronos account suspended,What is the process for accessing and navigating kronos?
"missed punch in kronos, can you help me",How can I edit my timecard?
issue during ADP portal enrollment,What do I do when there is trouble enrolling in ADP portal?
what is sterling in background check,How can I perform background check as a recruiter?
Adp login is not working how can i login in to ADP?,What do I do when there is trouble enrolling in ADP portal?
can i enter PTO in kronos,What are the PTO and Time Off policies?
ADP account suspended,How to setup user for the first time in ADP Portal?
one more thing I was also looking to understand how can I access kronos ? Could you please help me there ?,What is the process for accessing and navigating kronos?
Workday Mobile access,How can I access workday app on mobile?
cant sign in to kronos,What is the process for accessing and navigating kronos?
Change Title of my team member,How can managers initiate and submit job changes within their team?
missed to clock my kronos,How can I edit my timecard?
Update Timecard in kronos,How can I edit my timecard?
need login to ADP,What do I do when there is trouble enrolling in ADP portal?
Payroll timecard,How can I edit my timecard?
Sterling,How can I perform background check as a recruiter?
Access on leave portal,What is the process for accessing and navigating kronos?
process to update PTO in kronos,What are the PTO and Time Off policies?
New hire network access account,How will my new hires receive their new hire network credentials?
change residential address,How do I update my home address in Workday?
kronos self service registration,What is the process for accessing and navigating kronos?
I was trying to do somework in Kronos and was accidentally logged out. Can you please help me with my access to Kronos.,What is the process for accessing and navigating kronos?
How to add PTO in kronos,What are the PTO and Time Off policies?
promote my team member,How can managers initiate and submit job changes within their team?
when will I receive an alert on the background check,If an alert comes back for a background check what does the manager have to do?
time card locked in kronos,What do I do if my kronos timecard is locked?
Payroll Changes,How can I edit my timecard?
New hire background,How can I perform background check as a recruiter?
unable to login to ADP,What do I do when there is trouble enrolling in ADP portal?
Job title change of my team member and assign to another manager,How can the current and receiving managers complete a promotion?
kronos login,What is the process for accessing and navigating kronos?
modify my last working day,How do the managers process terminations?
need help to revise kronos time sheet,How can I edit my timecard?
Entering PTO,What are the PTO and Time Off policies?
kronos punch missing,How can I edit my timecard?
End Temporary Assignment - Retail,How to convert seasonal employees to regular employees?
how do i update a missed time punch,How can I edit my timecard?
Unable to login to kronos,What is the process for accessing and navigating kronos?
Kronos timecard not complete,What do I do if my kronos timecard is locked?
need help to cancel PTO,How can I cancel Time Off in Kronos?
Adding PTO,What are the PTO and Time Off policies?
"Missing pay in this month, can i revise my time sheet",How can I edit my timecard?
modify home location in workday,How do I update my home address in Workday?
I want Kronos access,Get Access
Trouble enrolling in ADP portal,What do I do when there is trouble enrolling in ADP portal?
Missing time,How can I edit my timecard?
time card not complete,What do I do if my kronos timecard is locked?
update the kronos missed punch,How can I edit my timecard?
when will sterling send me an email,How can I perform background check as a recruiter?
ADP Access,How to setup user for the first time in ADP Portal?
Forgot to clock kronos,How can I edit my timecard?
update my PTO in kronos,What are the PTO and Time Off policies?
Lateral Move,How can a lateral move or transfer be completed to a different position?
Change work location for my team member,how can managers initiate and submit job changes within their team?
End Seasonal - Retail,How to convert seasonal employees to regular employees?
First time user setup in ADP portal,How to setup user for the first time in ADP Portal?
Delegate Tasks in Workday,How can I delegate tasks in workday?
need login to kronos,What is the process for accessing and navigating kronos?
Edit Timesheet,Edit Timesheet
Change home address in workday,How do I update my home address in Workday?
update residential address in workday,How do I update my home address in Workday?
Alert on Background,If an alert comes back for a background check what does the manager have to do?
how can I correct Kronos,How can I edit my timecard?
modify my termination date,How do the managers process terminations?
setup ADP Account,How to setup user for the first time in ADP Portal?
Background Check recruiters,How can I perform background check as a recruiter?
Delegate Tasks in workday,How can I delegate tasks in workday?
Home address,How do I update my home address in Workday?
update time off in kronos,How can I request Time Off in Kronos?
change my termination date,How do the managers process terminations?
Address Change,How do I update my home address in Workday?
Accessing your LinkedIn Learning Account,How can I access my LinkedIn self service account?
New Hire screen,How can I perform background check as a recruiter?
Promote my team member and assign to another manager,How can the current and receiving managers complete a promotion?
what happens if sterling has not sent me an email regarding background check,How can I perform background check as a recruiter?
change work location of my team member and assign to another manager,How can the current and receiving managers complete a promotion?
Edit My Timecard,How can I edit my timecard?
Background check store manager,How can I perform background check as a store manager?
Address update,How do I update my home address in Workday?
I need to reset workday password,
Personal Address,How do I update my home address in Workday?
Demotion,How to process both Voluntary and Involuntary Demotions in Workday?
Assign my team member to Another manager,How can the current and receiving managers complete a promotion?
Promotion of my team member to another team,How can the current and receiving managers complete a promotion?
Cannot complete screen,How can I perform background check as a recruiter?
First Time User Setup in ADP Portal,How to setup user for the first time in ADP Portal?
ADP Account login,How to setup user for the first time in ADP Portal?
Need access to Kronos,what is the process for accessing and navigating kronos?
LinkedIn Learning Using a Mobile Device,How can I access LinkedIn learning in a mobile?
Managing timecards in Kronos as a Manager,How can I manage time off in kronos as a manager?
Position,How can a lateral move or transfer be completed to a different position?
modify living address in workday,How do I update my home address in Workday?
Get Access,Get Access
LinkedIn Learning Using a Mobile Device,How can I access LinkedIn learning in a mobile?
Workday Mobile App Access,How can I access workday app on mobile?
revise my lwd,How do the managers process terminations?
update my last working day,How do the managers process terminations?
how to reset password for adp,Reset Password
Correct hire,How can managers initiate and submit job changes within their team?
Change termination date,How do the managers process terminations?
Trouble Enrolling in ADP Portal,What do I do when there is trouble enrolling in ADP portal?
reset my password in workday,
kronos login,What is the process for accessing and navigating kronos?
Moving Update,How do I update my home address in Workday?
Living address,How do I update my home address in Workday?
kronos locked,What do I do if my kronos timecard is locked?
add/edit my PTO in kronos,What are the PTO and Time Off policies?
how to setup a ADP New Account,How to setup user for the first time in ADP Portal?
How can someone access kronos and navigate?,What is the process for accessing and navigating kronos?
Update Termination date,How do the managers process terminations?
can i get help to amend kronos,How can I edit my timecard?
access,Get Access
feedbackdialog,FeedbackDialog
Kronos Mobile Access,How can I access Kronos in mobile?
Background alert,If an alert comes back for a background check what does the manager have to do?
Workday,Get Access
Workday Mobile App Access,How can I access workday app on mobile?
update personal address in workday,How do I update my home address in Workday?
update Position Title of my team member,How can managers initiate and submit job changes within their team?
Workday Mobile App Access,How can I access workday app on mobile?
Correct Completed Job Change,Correct Completed Job Change
ADP Portal First Time User Setup,How to setup user for the first time in ADP Portal?
Department,How can a lateral move or transfer be completed to a different position?
I need to reset my password,Reset Password
Workday Mobile App Access,How can I access workday app on mobile?
Accessing and Navigating Kronos,What is the process for accessing and navigating kronos?
i'm locked out of kronos,What do I do if my kronos timecard is locked?
ADP,Get Access
Update Your Home Address,How do I update my home address in Workday?
Login to Kronos,What is the process for accessing and navigating kronos?
kronos mobile,How can I access Kronos in mobile?
Correct Completed Job Change,Correct Completed Job Change
Access to Kronos,What is the process for accessing and navigating kronos?
Reset Password,Reset Password
Delegating Tasks in Workday,How can I delegate tasks in workday?
Trouble Enrolling in ADP Portal,What do I do when there is trouble enrolling in ADP portal?
Kronos,Get Access
Can i reset workday password,
Main Menu,Main Menu
ADP Portal First Time User Setup,How to setup user for the first time in ADP Portal?
Workday Mobile App Access,How can I access workday app on mobile?
Reset Password,Reset Password
Kronos Mobile Access,How can I access Kronos in mobile?
Workday Mobile App Access,How can I access workday app on mobile?
I need to reset password,Reset Password
Workday Mobile App Access,How can I access workday app on mobile?
Background Check,Background Check
Adp login,What do I do when there is trouble enrolling in ADP portal?
Update Your Home Address,How do I update my home address in Workday?
Background Check,Background Check
Change job location of my team member,How can managers initiate and submit job changes within their team?
Workday Mobile App Access,How can I access workday app on mobile?
LinkedIn Learning Using a Mobile Device,How can I access LinkedIn learning in a mobile?
Revise termination date,How do the managers process terminations?
Process Demotions in Workday,How to process both Voluntary and Involuntary Demotions in Workday?
Correct Completed Job Change,Correct Completed Job Change
Workday Mobile App Access,How can I access workday app on mobile?
Workday Mobile App Access,How can I access workday app on mobile?
Change Job Information,Change job information
PTO and Time Off Policies,What are the PTO and Time Off policies?
update my termination date,How do the managers process terminations?
Background Check Info for Store Manager,How can I perform background check as a store manager?
Workday Mobile App Access,How can I access workday app on mobile?
Kronos Mobile Access,How can I access Kronos in mobile?
LinkedIn Learning Using a Mobile Device,How can I access LinkedIn learning in a mobile?
First Time User Setup in ADP Portal,How to setup user for the first time in ADP Portal?
Employee is with existing Manager,How can managers initiate and submit job changes within their team?
update home location,How do I update my home address in Workday?
Change Scheduled Weekly Hours,How to change my direct report Scheduled Weekly hours/FTE percentage?
First Time User Setup in ADP Portal,How to setup user for the first time in ADP Portal?
Workday Mobile App Access,How can I access workday app on mobile?
PTO Notifications for Managers,How can a manager receive PTO notifications?
LinkedIn Learning Using a Mobile Device,How can I access LinkedIn learning in a mobile?
change my team member's effective date,How can managers initiate and submit job changes within their team?
Reset Password,Reset Password
Trouble Enrolling in ADP Portal,What do I do when there is trouble enrolling in ADP portal?
Trouble Enrolling in ADP Portal,What do I do when there is trouble enrolling in ADP portal?
Employee has a New Manager,How can the current and receiving managers complete a promotion?
Changing Work Location in Workday,How do I change a work location in Workday?
PTO Notifications for Managers,How can a manager receive PTO notifications?
Cancel Time Off in Kronos,How can I cancel Time Off in Kronos?
Can i get access to workday,How can I access workday app on mobile?
Change Address,Change Address
Background Check,Background Check
Reset Password,Reset Password
Background Check,Background Check
Update address,How do I update my home address in Workday?
Kronos Timecard Locked,What do I do if my kronos timecard is locked?
I m unable to login to Kronos. Was working on it and suddenly got dropped. Can you please provide me access to Kronos?,What is the process for accessing and navigating kronos?
Background Check,Background Check
Manage Timecard Exceptions,How can I manage timecard exceptions?
Updating Your Home Address,How do I update my home address in Workday?
Manage Time Off in Kronos,How can I manage time off in kronos as a manager?
reset workday password,
First Time User Setup in ADP Portal,How to setup user for the first time in ADP Portal?
Reset Password,Reset Password
Reset Password,Reset Password
Workday Mobile App Access,How can I access workday app on mobile?
Edit My Timecard,How can I edit my timecard?
LinkedIn Learning Using a Mobile Device,How can I access LinkedIn learning in a mobile?
Background Check Info for Recruiters,How can I perform background check as a recruiter?
Reset Password,Reset Password
Kronos Mobile Access,How can I access Kronos in mobile?
Reset Password,Reset Password
Background Check,Background Check
Manage Employee Timecards,How can I manage employee timecards?
Manage Employee Timecards,How can I manage employee timecards?
LinkedIn Learning Using a Mobile Device,How can I access LinkedIn learning in a mobile?
msin menu,Main Menu
Workday Mobile App Access,How can I access workday app on mobile?
First Time User Setup in ADP Portal,How to setup user for the first time in ADP Portal?
Workday Mobile App Access,How can I access workday app on mobile?
Trouble Enrolling in ADP Portal,What do I do when there is trouble enrolling in ADP portal?
Trouble Enrolling in ADP Portal,What do I do when there is trouble enrolling in ADP portal?
Trouble Enrolling in ADP Portal,What do I do when there is trouble enrolling in ADP portal?
Employee has a New Manager,How can the current and receiving managers complete a promotion?
Background Check Info for Recruiters,How can I perform background check as a recruiter?
PTO and Time Off Policies,What are the PTO and Time Off policies?
LinkedIn Learning Using a Mobile Device,How can I access LinkedIn learning in a mobile?
Kronos Mobile Access,How can I access Kronos in mobile?
Manage Time Off in Kronos as a Manager,How can I manage time off in kronos as a manager?
Employee has No Change in Manager,How can managers initiate and submit job changes within their team?
process to get access to ADP,What do I do when there is trouble enrolling in ADP portal?
LinkedIn Learning Using a Mobile Device,How can I access LinkedIn learning in a mobile?
Cancel Time Off in Kronos,How can I cancel Time Off in Kronos?
Request Time Off in Kronos,How can I request Time Off in Kronos?
LinkedIn Learning Using a Mobile Device,How can I access LinkedIn learning in a mobile?
cannot sign in to ADP,What do I do when there is trouble enrolling in ADP portal?
Job Change - Demotion,How to process both Voluntary and Involuntary Demotions in Workday?
Alert on Background Check,If an alert comes back for a background check what does the manager have to do?
linkedin login not working,How can I access my LinkedIn self service account?
Residential address,How do I update my home address in Workday?
I was doing the signup in adp portal with my credentials but it's failing,What do I do when there is trouble enrolling in ADP portal?
is Workday application available for iOS users ? ,How can I access workday app on mobile?
is Workday application available for android users ?,How can I access workday app on mobile?
How to download the workday application in android smartphone ?,How can I access workday app on mobile?
Can I download the courses on android/ios  devices  ?,How can I access LinkedIn learning in a mobile?
I was doing the Linkedin learning account setup . but I did not received the verification code,how can i access my linkedin self service account?
i want to enter Time Off on a day with Worked Hours,How can I manage employee timecards?
Want to know available balances before acting?,How can I manage time off in kronos as a manager?
can i cancel a request,How can I cancel Time Off in Kronos?
"I've accidently approved a wrong request so, I want Cancel the request How can i do that ?",How can I cancel Time Off in Kronos?
where the exceptions occurred ?,How can I manage timecard exceptions?
fixing exceptions,How can I manage timecard exceptions?
what is Unexcused Absence Exception,How can I manage timecard exceptions?
what is Early In/Late In Exception,How can I manage timecard exceptions?
what is Early Out/Early In Exception,How can I manage timecard exceptions?
what is short break exception,How can I manage timecard exceptions?
what is long interval Exception,How can I manage timecard exceptions?
i've unused PTO What Happens If I Leave The Company?,What are the PTO and Time Off policies?
"CanI choose to cash out some of my PTO? And, do I still need to
use my required PTO hours if I’m already enrolled in the
PTO cash out option?",What are the PTO and Time Off policies?
What Happens If I Have PTO Left Over at Year-End?,What are the PTO and Time Off policies?
"After I take my required hours, do my remaining hours carry over
to next year?",What are the PTO and Time Off policies?
who is eligible to pto,What are the PTO and Time Off policies?
what is Missed Punch Exception How can i fix that ?,How can I edit my timecard?
How can i complete my timecard for today as i'm new join can you help me to complete timecard ?,How can I edit my timecard?
My manager wasn't notified when I entered PTO in my timecard. Why is that?,What are the PTO and Time Off policies?
How can I access the Linkedin account ?,How can I access my LinkedIn self service account?
what are steps involved in taking courses using linkedin learning account ?,how can i access linkedin learning in a mobile?
can you guide me through steps to navigate to kronos ?,What is the process for accessing and navigating kronos?
is Workday application available for iOS users ?,how can i access workday app on mobile?
How can I access Adp payroll on my smartphone?,What do I do when there is trouble enrolling in ADP portal?
is Workday application available for iOS users ?,How can I access workday app on mobile?
"hey , I am unable to access the linkedin account since morning .",How can I access my LinkedIn self service account?
"hey , I need some infomation about training courses in linkedin system . Plz help me",How can I access LinkedIn learning in a mobile?
"hey , can you help me in activating linkedin learning account on laptop?",How can I access my LinkedIn self service account?
is linkedin app available on google playstore ?,How can I access LinkedIn learning in a mobile?
Can I download the linkedin courses on android/ios devices ?,How can I access LinkedIn learning in a mobile?
how can I access the kronos on laptop ?,how can i access kronos in mobile?
can you help me with doing the setup in adp portal ?,How to setup user for the first time in ADP Portal?
I m looking to book my time off. Can you help me?,How can I request Time Off in Kronos?
"hey , I am recruiter and I am looking for information related to Candidate Management . Can you please help me with that ?",How can I perform background check as a recruiter?
what is the age criteria for background check in US ?,How can I perform background check as a store manager?
how to submit background check in workday system ?,How can I perform background check as a store manager?
Is it require to Submit Background check form for internal candidates within the US ?,How can I perform background check as a recruiter?
Is it require to Submit Background check form for external candidates outside the US ?,How can I perform background check as a recruiter?
How to Verify Background Check Status as Recruiter? ,How can I perform background check as a recruiter?
As a Recruiter How Can i Verify Check that the Background check form is Submitted ?,How can I perform background check as a recruiter?
where can i check the result status after Background check is Completed ?,How can I perform background check as a recruiter?
Candidate Management – Recruiter,How can I perform background check as a recruiter?
Is employees with age of 18 is eligible for Background check ?,How can I perform background check as a store manager?
How can i check Submitted Background check form as a Store manager?,How can I perform background check as a store manager?
Verify Background check status as store manager,How can I perform background check as a store manager?
How to Initiate the Transfer of employee,How can the current and receiving managers complete a promotion?
What is the procedure for current manager to transfer his employee to another team ?,How can the current and receiving managers complete a promotion?
What is the process to change the manager ?,How can the current and receiving managers complete a promotion?
How to transfer the employee from one team to another ?,How can the current and receiving managers complete a promotion?
How can we promote employee?,How can the current and receiving managers complete a promotion?
what is the process to follow by receiving manager to add new employee to team ?,How can the current and receiving managers complete a promotion?
Who will approve the employee team transfer request ?,How can the current and receiving managers complete a promotion?
what are the different employee detail fields should be modified after the team change ?,How can the current and receiving managers complete a promotion?
How to change job of an employee ?,How to process both Voluntary and Involuntary Demotions in Workday?
how can i know my position after job change/transfer ?,How to process both Voluntary and Involuntary Demotions in Workday?
How to create new job profile ?,How to process both Voluntary and Involuntary Demotions in Workday?
How to change Business title in current job ?,How to process both Voluntary and Involuntary Demotions in Workday?
How to check employee Visibility Date after job change ?,How to process both Voluntary and Involuntary Demotions in Workday?
How to modify employee compensation after  job change  ?,How to process both Voluntary and Involuntary Demotions in Workday?
terminations - voluntary and involuntary.,How do the managers process terminations?
what are the different steps involved in process of employee termination,How do the managers process terminations?
How to terminate the employee,How do the managers process terminations?
step to determine if termination is regrettable,How do the managers process terminations?
How to put employee on notice period,How do the managers process terminations?
Recommended Termination for employee,How do the managers process terminations?
what is the notice period for the terminated employee ?,How do the managers process terminations?
what is Involuntary Termination business process,How do the managers process terminations?
Involuntary Termination business process in Workday.,How do the managers process terminations?
What If voluntary termination is Job Abandonment,How do the managers process terminations?
How to dismiss employee from workday,How do the managers process terminations?
lay off the employee,How do the managers process terminations?
fire the employee from work,How do the managers process terminations?
How can new candidates get the credentials to access different systems ?,How will my new hires receive their new hire network credentials?
credentials for new candidates,How will my new hires receive their new hire network credentials?
newly hired candidates need the system credentials,How will my new hires receive their new hire network credentials?
system login credentials for new candidates,How will my new hires receive their new hire network credentials?
hey I want to adjust the approved time off request .,How can I cancel Time Off in Kronos?
I want to postpone the scheduled time off,How can I cancel Time Off in Kronos?
revoke the approved time off request,How can I cancel Time Off in Kronos?
remove the time off request from kronos,How can I cancel Time Off in Kronos?
hey I want to revoke the time off request that is not yet approved. Can I do that ?,How can I cancel Time Off in Kronos?
Can I change the time off request once it is approved ?,How can I cancel Time Off in Kronos?
Can I Retract the time off request in kronos?,How can I cancel Time Off in Kronos?
"I have already requested for time off and it's approved also , but now I don't need this time off . Can I wipe out this request ?",How can I cancel Time Off in Kronos?
I want to reverse my decision about time off that I requested earlier ,How can I cancel Time Off in Kronos?
How to apply for the time off taken,How can I request Time Off in Kronos?
want to submit the time off taken in kronos system,How can I request Time Off in Kronos?
apply for break taken from work,How can I request Time Off in Kronos?
ASK HR Ticket,Create ASK HR Ticket
Cannot use ADP,What do I do when there is trouble enrolling in ADP portal?
Can't access my ADP account,What do I do when there is trouble enrolling in ADP portal?
I cannot sign in to linkedin,How can I access my LinkedIn self service account?
I cannot use linkedin,How can I access my LinkedIn self service account?
perform bgv for store-manager,How can I perform background check as a store manager?
 bgc for store-manager,How can I perform background check as a store manager?
perform bgv for recruiters,How can I perform background check as a recruiter?
bgv for recruiters,How can I perform background check as a recruiter?
hey I'm a new hire i want to login when can i receive my new network credentials,How will my new hires receive their new hire network credentials?
new hire network credentials,How will my new hires receive their new hire network credentials?
can i get access for workday in my mobile,How can I access workday app on mobile?
is workday available in smart phone?,How can I access workday app on mobile?
workday on ios,How can I access workday app on mobile?
I'm in middle of something i can't open my laptop now can i access my workday in android phone?,How can I access workday app on mobile?
can you help me with self service  access for my linkedin account ?,How can I access my LinkedIn self service account?
i want to know the process of accessing Linkedin service account ,How can I access my LinkedIn self service account?
can i learn linkedin courses on my android phone,How can I access LinkedIn learning in a mobile?
I'm struggle to access my adp can you help me there ?,What do I do when there is trouble enrolling in ADP portal?
I'm facing troubles while I'm trying to access adp portal,What do I do when there is trouble enrolling in ADP portal?
i want set up my profile in adp account,How to setup user for the first time in ADP Portal?
how can i create my adp account for the first time ,How to setup user for the first time in ADP Portal?
how can I work remotely?,How can I manage employee timecards?
remote work,How can I manage employee timecards?
how can I get promoted?,How can the current and receiving managers complete a promotion?
promoted,How can the current and receiving managers complete a promotion?
new hire information?,How will my new hires receive their new hire network credentials?
